[
  {
    "id": 2,
    "pregunta": "Quina marca de begudes gasoses té com a mascota un porc espí?",
    "respostes": [
      "Coca-Cola",
      "Pepsi",
      "Fanta",
      "Sprite"
    ],
    "resposta_correcta": 0,
    "imatge": "https://exemple.com/coca-cola.jpg"
  },
  {
    "id": 3,
    "pregunta": "Quina marca de telèfons mòbils va llançar el model iPhone?",
    "respostes": [
      "Apple",
      "Samsung",
      "Huawei",
      "Sony"
    ],
    "resposta_correcta": 0,
    "imatge": "https://exemple.com/apple.jpg"
  },
  {
    "pregunta": "¿Es una pregunta?",
    "respostes": [
      "rpt1",
      "rpt2",
      "rpt3",
      "rpt4"
    ],
    "resposta_correcta": "1",
    "imatge": "https://picsum.photos/id/1/200/300",
    "id": "6ba971c7-f993-45cc-a5f5-3c2fc1e797e7"
  },
  {
    "pregunta": "pregunta",
    "respostes": [
      "p1",
      "p2",
      "p3",
      "p4"
    ],
    "resposta_correcta": "1",
    "imatge": "",
    "id": "5304d630-feba-4951-8840-83d56addaa41"
  }
]